{
    "Alien Species": {
        "Avatar": 8.5,
        "Bug": 2.25,
        "Furry": 9,
        "Ghost": 9.5,
        "Ginger": 6.5,
        "Grey": 7.5,
        "Hologram": 2,
        "Joker": 3,
        "Monarch": 5,
        "Najdorf": 2.75,
        "Nordic": 10,
        "Pinky": 3.5,
        "Python": 8,
        "Reptilian": 7,
        "Robot": 4,
        "Shadow": 6,
        "Tang": 5.5
    },
    "Outfits": {
        "Bikini": 3.25,
        "Blue Body Suit": 8.5,
        "Bubbles": 2.25,
        "Censored": 2,
        "Crop Top": 5,
        "Green Mini Skirt": 4.25,
        "Green T-Shirt": 7.25,
        "Latex": 6,
        "Nude": 1,
        "Orange Bulls Eye": 7,
        "Pink T-Shirt": 8,
        "Red Bulls Eye": 6.25,
        "Red Mini Skirt": 4,
        "Romper": 9,
        "Space Suit": 9.25,
        "Swimsuit": 5.25,
        "Topless": 3,
        "Yellow Body Suit": 8.75
    },
    "Accessories": {
        "None": 9.75,
        "Eyelite": 9.25,
        "Pink Bubblegum": 5,
        "Nerd Glasses": 8.25,
        "Orange Shades": 8,
        "Cybernetic Implant": 7.25,
        "Cyclops": 7,
        "Green Visor": 6.5,
        "Pink Visor": 6,
        "Cyber Goggles": 5.5,
        "Pink Cyber Goggles": 5,
        "Green Heart Glasses": 4.5,
        "Red Heart Glasses": 4,
        "Red Bubblegum": 3 ,
        "Purple Bubblegum": 2.5,
        "Neon Green Triangle Glasses": 2,
        "Neon Pink Triangle Glasses": 1.5,
        "Scouter": 1
    },
    "Earrings": {
        "None": 9.75,
        "Blue Laser": 2,
        "Cross": 8,
        "Diamond": 5,
        "Digital": 2.5,
        "Double Line": 1.5,
        "Emerald": 5.5,
        "Geometric": 4,
        "Green Heart": 6.5,
        "Green Hoop": 9,
        "Microchip": 2,
        "Orange Hoop": 8.25,
        "Pink Hoop": 9.25,
        "Red Heart": 7,
        "Red Laser": 2,
        "Ruby": 6,
        "Sapphire": 7.25,
        "Triangle": 4.5
    },
    "Necklace": {
        "None": 9.75,
        "Blood Vial": 1.5,
        "Blue Neon": 7,
        "Bullet": 2,
        "Chain": 8,
        "Choker": 8.25,
        "Cybernetic Implant": 2.5,
        "Dog Tags": 9.25,
        "Green Neon": 6.5,
        "Heart Choker": 7.25,
        "Laser": 4.5,
        "Lock": 3,
        "Orange Neon": 5.5,
        "Pink Laser": 5,
        "Pink Neon": 6,
        "Reflective": 4,
        "Spiked": 9,
        "Vampire": 1
    },
    "Gloves": {        
        "None": 9.25,
        "Blue Cybernetic": 3,
        "Blue Laser Bracer": 5,
        "Brass Knuckles": 7,
        "Checkered": 8.25,
        "Diamond Bracelet": 2,
        "Fishnet": 9,
        "Gold Bracelet": 2.5,
        "Green Laser Bracer": 1.5,
        "Latex": 7.25,
        "Orange Neon Bracelet": 5.5,
        "Pink Cybernetic": 3,
        "Pink Laser Bracer": 1.5,
        "Pink Neon Bracelet": 6,
        "Power Gloves": 6.5,
        "Red Laser Bracer": 1,
        "Space Gloves": 9.75,
        "Spiked": 8,
        "White Neon Bracelet": 4
    },
    "Shoes": {
        "Barefoot": 9.25,
        "Blue Cybernetic": 4,
        "Checkered Boots": 8.25,
        "Chunky Pumps": 8,
        "Green Hoverboard": 1.5,
        "High Heels": 5,
        "Latex Boots": 6.5,
        "Mary Janes": 7,
        "Mesh Pumps": 7.25,
        "Pink Cybernetic": 3,
        "Pink Hoverboard": 1.5,
        "Pleasers": 3,
        "Roller Skates": 2.5,
        "Rollerblades": 2,
        "Ruby Slippers": 1,
        "Sneakers": 9,
        "Space Boots": 9.75,
        "Spiked Garters": 5.5,
        "Thigh Highs": 6
    },
    "Boob Size": {
        "A": 21,
        "B": 19,
        "C": 17,
        "D": 15,
        "E": 13,
        "F": 11,
        "G": 4
    },
    "Hair": {
        "Bangs": 5.5,
        "Bowl Cut": 3.75,
        "Braids": 4,
        "Buzzcut": 6.5,
        "Cleopatra": 2.75,
        "Curl": 6,
        "Curly": 5.25,
        "Dorothy": 2,
        "Fro": 4,
        "Leia": 2.25,
        "Marilyn": 2.5,
        "Mohawk": 3.75,
        "Mullet": 3.25,
        "Pigtails": 3,
        "Pixie": 5.5,
        "Ponytail": 7,
        "Rat Tail": 3,
        "Shaggy": 6.5,
        "Shaved": 3.25,
        "Slick": 3.75,
        "Spiked": 4,
        "Teased": 4,
        "Twist": 3.5,
        "Wavy": 5
    },
    "Weapon": {
        "None": 6.5,
        "Blue Laser Sword": 4,
        "Charge Rifle": 4,
        "Demon Blades": 3,
        "Devil Blade": 2.75,
        "Double Devil Blade": 2.25,
        "Double Sword": 3.25,
        "Dragon Claws": 3,
        "Flower": 6.50,
        "Frozen Wand": 4,
        "Frying Pan": 6,
        "Golden Laser Whip": 3.5,
        "Golden Nunchucks": 2,
        "Green Laser Sword": 3.25,
        "Hockey Stick": 5.25,
        "Nunchucks": 4,
        "Pink Destiny Sword": 2.5,
        "Saber": 5.50,
        "Sais": 5,
        "Snake Whip": 3.75,
        "Space Blaster": 7,
        "Stripper Pole": 5.50,
        "Taser": 3.75,
        "White Laser Whip": 3.75
    },
    "Helmets": {
        "No": 69,
        "Yes": 31
    },
    "Accent Color": {
        "Aqua": 3.5,
        "Black": 7,
        "Blue": 3.75,
        "Brown": 6.5,
        "Bronze": 6.5,
        "Copper": 6,
        "Crimson": 4,
        "Dark Red": 4,
        "Golden": 5,
        "Green": 3.25,
        "Lime": 3,
        "Magenta": 2.75,
        "Maroon": 4,
        "Navy": 3.75,
        "Orange": 5.5,
        "Orchid": 2.25,
        "Pink": 2.5,
        "Purple": 3.25,
        "Red": 4,
        "Silver": 2,
        "Spring Green": 3,
        "Turquoise": 3.75,
        "Wheat": 5.25,
        "Yellow": 5.5
    },
    "Power": {
        "None": 1,
        "Boob": 9,
        "Cleopatra": 9,
        "Dorothy": 9,
        "Heart": 9,
        "Latex": 9,
        "Leia": 9,
        "Marilyn": 9,
        "Pussy": 9,
        "Space": 9,
        "Spiked": 9,
        "Style": 9
    },
    "Stars": {
        "Blue": 23,
        "Green": 21,
        "Multicolored": 9,
        "Orange": 19,
        "Purple": 13,
        "Red": 4,
        "Teal": 11
    },
    "Vortex": {
        "Green": 13,
        "Orange": 19,
        "Pink": 6,
        "Purple": 4,
        "Red": 19,
        "Teal": 2,
        "White": 9,
        "Yellow": 17
    },
    "Hairspray": {
        "Yes": 31,
        "No": 69
    }
}